{"Mean":{"confidence_interval":{"confidence_level":0.95,"lower_bound":0.0003259178552596166,"upper_bound":0.0017004117432122261},"point_estimate":0.0010774004698297368,"standard_error":0.00035229998951957363},"Median":{"confidence_interval":{"confidence_level":0.95,"lower_bound":0.0012722048156105115,"upper_bound":0.001707120582325805},"point_estimate":0.0015039545085042683,"standard_error":0.00011476163116139207}}