{"Mean":{"confidence_interval":{"confidence_level":0.95,"lower_bound":0.01136084229163652,"upper_bound":0.017771000925488264},"point_estimate":0.014103215322050833,"standard_error":0.0016760824567888391},"Median":{"confidence_interval":{"confidence_level":0.95,"lower_bound":0.009795730749220244,"upper_bound":0.010871831894209816},"point_estimate":0.010269947298945592,"standard_error":0.00025834823049979084}}