{"Mean":{"confidence_interval":{"confidence_level":0.95,"lower_bound":-0.0038015323976692272,"upper_bound":0.0008522684008458898},"point_estimate":-0.001388976059117586,"standard_error":0.001183979661319158},"Median":{"confidence_interval":{"confidence_level":0.95,"lower_bound":-0.0019477385963927452,"upper_bound":-0.0010851023316870156},"point_estimate":-0.0013587476085553662,"standard_error":0.00022783969269821365}}