{"Mean":{"confidence_interval":{"confidence_level":0.95,"lower_bound":241644.78920229754,"upper_bound":241783.81585204293},"point_estimate":241708.3047552314,"standard_error":35.73690977435284},"Median":{"confidence_interval":{"confidence_level":0.95,"lower_bound":241634.66583333333,"upper_bound":241696.676},"point_estimate":241664.04658008658,"standard_error":15.616885380238223},"MedianAbsDev":{"confidence_interval":{"confidence_level":0.95,"lower_bound":144.39425521425883,"upper_bound":287.16267090184806},"point_estimate":220.014621972846,"standard_error":38.25764817288276},"Slope":{"confidence_interval":{"confidence_level":0.95,"lower_bound":241537.32459002704,"upper_bound":241666.02599371987},"point_estimate":241598.96769853702,"standard_error":32.794943289693286},"StdDev":{"confidence_interval":{"confidence_level":0.95,"lower_bound":203.4849789563219,"upper_bound":514.1334230328874},"point_estimate":358.64819665066085,"standard_error":83.80354103222663}}