{"Mean":{"confidence_interval":{"confidence_level":0.95,"lower_bound":301342.94457789516,"upper_bound":302269.8069260691},"point_estimate":301763.92008919263,"standard_error":236.45034185285104},"Median":{"confidence_interval":{"confidence_level":0.95,"lower_bound":300851.7833333333,"upper_bound":301056.9925213675},"point_estimate":300996.27841981134,"standard_error":50.76319614883637},"MedianAbsDev":{"confidence_interval":{"confidence_level":0.95,"lower_bound":283.30508697037703,"upper_bound":587.3777968515027},"point_estimate":476.87385900536793,"standard_error":82.39579983481744},"Slope":{"confidence_interval":{"confidence_level":0.95,"lower_bound":301581.48621557455,"upper_bound":303230.3542180259},"point_estimate":302332.4649113344,"standard_error":422.64104306449576},"StdDev":{"confidence_interval":{"confidence_level":0.95,"lower_bound":1302.6669125541312,"upper_bound":3254.922401568493},"point_estimate":2376.998197488807,"standard_error":498.3656344973768}}