{"Mean":{"confidence_interval":{"confidence_level":0.95,"lower_bound":283050.5609943055,"upper_bound":284867.20448525104},"point_estimate":283855.30228572217,"standard_error":467.996885317729},"Median":{"confidence_interval":{"confidence_level":0.95,"lower_bound":282456.5153061224,"upper_bound":282718.5710227273},"point_estimate":282582.68918219465,"standard_error":59.17696519536554},"MedianAbsDev":{"confidence_interval":{"confidence_level":0.95,"lower_bound":326.7297985195847,"upper_bound":646.4693732223177},"point_estimate":489.0508119733239,"standard_error":80.72401446401716},"Slope":{"confidence_interval":{"confidence_level":0.95,"lower_bound":282717.4656760186,"upper_bound":284808.17055782804},"point_estimate":283443.985934683,"standard_error":578.5615303867971},"StdDev":{"confidence_interval":{"confidence_level":0.95,"lower_bound":2216.16353710476,"upper_bound":6539.830583704614},"point_estimate":4685.091141931922,"standard_error":1118.1624008879792}}